station_id,908,819,818,817,816,815,814,812,811,810,809,808,807,806,804,803,802,801,800,799,797,796,795,794,793,792,791,790,789,788,647,646,645,644,642,641,640,639,638,368,367,301,298,223,222,221,220,219,217,216,215,214,212,157,156,151,150,140,2,98,69,83,82,24,131,87,132,22,8,33,49,3,34,7,116,75,5,117,58
908,0.0,610.0,192.0,156.0,281.0,306.0,537.0,436.0,610.0,531.0,430.0,406.0,388.0,296.0,386.0,529.0,478.0,657.0,659.0,617.0,487.0,547.0,553.0,680.0,201.0,408.0,399.0,436.0,491.0,526.0,528.0,632.0,528.0,521.0,514.0,559.0,683.0,564.0,694.0,391.0,528.0,311.0,361.0,47.0,649.0,521.0,474.0,392.0,366.0,595.0,517.0,638.0,437.0,675.0,54.0,136.0,235.0,492.0,622.0,887.0,693.0,202.0,408.0,531.0,425.0,460.0,428.0,252.0,672.0,635.0,554.0,509.0,603.0,526.0,329.0,585.0,510.0,646.0,409.0
819,596.0,0.0,588.0,666.0,434.0,459.0,626.0,832.0,866.0,786.0,826.0,802.0,784.0,692.0,460.0,598.0,336.0,515.0,517.0,475.0,470.0,392.0,438.0,336.0,459.0,301.0,294.0,331.0,386.0,338.0,340.0,444.0,340.0,351.0,344.0,389.0,443.0,312.0,442.0,465.0,531.0,380.0,424.0,610.0,710.0,683.0,436.0,545.0,520.0,453.0,412.0,220.0,474.0,182.0,583.0,526.0,631.0,741.0,436.0,758.0,441.0,372.0,386.0,371.0,499.0,355.0,299.0,648.0,526.0,447.0,477.0,473.0,95.0,449.0,398.0,738.0,302.0,495.0,420.0
818,360.0,524.0,0.0,212.0,156.0,181.0,412.0,311.0,485.0,406.0,305.0,280.0,263.0,171.0,477.0,627.0,353.0,532.0,534.0,492.0,480.0,540.0,546.0,673.0,349.0,556.0,547.0,584.0,639.0,674.0,676.0,780.0,675.0,668.0,662.0,707.0,661.0,530.0,659.0,482.0,676.0,459.0,236.0,374.0,524.0,396.0,622.0,266.0,241.0,470.0,665.0,642.0,312.0,604.0,295.0,345.0,110.0,366.0,770.0,1035.0,658.0,350.0,282.0,679.0,516.0,607.0,303.0,127.0,820.0,783.0,547.0,502.0,516.0,466.0,477.0,460.0,658.0,521.0,284.0
817,238.0,635.0,278.0,0.0,367.0,392.0,623.0,523.0,697.0,617.0,516.0,492.0,475.0,382.0,411.0,554.0,564.0,743.0,745.0,704.0,512.0,572.0,578.0,705.0,226.0,433.0,424.0,461.0,516.0,551.0,553.0,657.0,553.0,546.0,539.0,584.0,708.0,589.0,719.0,416.0,553.0,336.0,447.0,251.0,736.0,608.0,499.0,478.0,453.0,681.0,542.0,663.0,523.0,700.0,172.0,222.0,321.0,578.0,647.0,912.0,718.0,227.0,494.0,556.0,450.0,485.0,515.0,338.0,697.0,660.0,579.0,534.0,628.0,551.0,354.0,671.0,535.0,732.0,495.0
816,476.0,386.0,468.0,545.0,0.0,43.0,256.0,712.0,886.0,806.0,705.0,681.0,664.0,572.0,340.0,489.0,215.0,394.0,397.0,355.0,343.0,403.0,408.0,536.0,610.0,446.0,439.0,476.0,531.0,483.0,485.0,589.0,485.0,478.0,471.0,516.0,523.0,392.0,522.0,345.0,854.0,427.0,98.0,490.0,925.0,797.0,760.0,129.0,86.0,332.0,558.0,504.0,174.0,466.0,462.0,405.0,511.0,767.0,759.0,903.0,521.0,513.0,145.0,694.0,378.0,500.0,166.0,528.0,849.0,592.0,410.0,364.0,378.0,328.0,450.0,304.0,467.0,383.0,136.0
815,460.0,371.0,452.0,530.0,87.0,0.0,277.0,696.0,870.0,791.0,690.0,666.0,648.0,556.0,324.0,474.0,200.0,379.0,381.0,339.0,327.0,387.0,392.0,520.0,594.0,431.0,424.0,461.0,516.0,468.0,470.0,574.0,469.0,462.0,456.0,501.0,508.0,377.0,506.0,329.0,839.0,411.0,64.0,474.0,909.0,781.0,744.0,113.0,173.0,316.0,542.0,489.0,125.0,450.0,447.0,390.0,495.0,752.0,744.0,887.0,505.0,497.0,158.0,679.0,363.0,484.0,150.0,512.0,833.0,577.0,394.0,349.0,363.0,313.0,435.0,370.0,452.0,368.0,178.0
814,587.0,497.0,579.0,657.0,111.0,155.0,0.0,823.0,997.0,918.0,817.0,792.0,775.0,683.0,451.0,601.0,327.0,506.0,508.0,466.0,454.0,514.0,519.0,647.0,721.0,558.0,551.0,588.0,642.0,595.0,597.0,701.0,596.0,589.0,583.0,628.0,635.0,504.0,633.0,456.0,966.0,538.0,210.0,601.0,1036.0,908.0,871.0,240.0,39.0,443.0,669.0,615.0,286.0,577.0,574.0,517.0,622.0,878.0,871.0,1014.0,632.0,624.0,256.0,806.0,490.0,611.0,277.0,639.0,960.0,704.0,521.0,476.0,490.0,440.0,562.0,268.0,579.0,495.0,247.0
812,771.0,738.0,812.0,792.0,376.0,401.0,632.0,0.0,236.0,156.0,97.0,258.0,135.0,195.0,698.0,847.0,573.0,752.0,754.0,712.0,700.0,760.0,766.0,859.0,646.0,575.0,567.0,604.0,659.0,631.0,632.0,737.0,632.0,625.0,619.0,664.0,787.0,692.0,822.0,702.0,733.0,653.0,456.0,785.0,269.0,176.0,698.0,486.0,461.0,690.0,686.0,743.0,532.0,780.0,706.0,756.0,257.0,205.0,828.0,1050.0,821.0,645.0,502.0,755.0,736.0,628.0,523.0,235.0,877.0,740.0,767.0,722.0,731.0,686.0,671.0,680.0,614.0,741.0,504.0
811,882.0,756.0,874.0,951.0,556.0,581.0,812.0,271.0,0.0,75.0,277.0,342.0,315.0,375.0,746.0,889.0,753.0,932.0,934.0,892.0,847.0,933.0,912.0,876.0,750.0,592.0,585.0,622.0,677.0,648.0,650.0,754.0,650.0,643.0,636.0,681.0,805.0,710.0,840.0,751.0,913.0,671.0,636.0,896.0,287.0,194.0,846.0,666.0,641.0,870.0,703.0,761.0,712.0,797.0,868.0,811.0,437.0,222.0,845.0,1068.0,839.0,663.0,682.0,780.0,784.0,645.0,703.0,415.0,935.0,757.0,914.0,869.0,748.0,866.0,688.0,860.0,632.0,921.0,684.0
810,807.0,680.0,799.0,876.0,481.0,506.0,737.0,196.0,80.0,0.0,201.0,267.0,239.0,299.0,671.0,814.0,677.0,857.0,859.0,817.0,772.0,857.0,837.0,801.0,675.0,517.0,510.0,546.0,601.0,573.0,575.0,679.0,575.0,568.0,561.0,606.0,730.0,635.0,764.0,676.0,838.0,595.0,561.0,820.0,212.0,118.0,771.0,591.0,566.0,794.0,628.0,685.0,636.0,722.0,793.0,736.0,362.0,147.0,770.0,992.0,763.0,587.0,607.0,705.0,709.0,570.0,628.0,340.0,860.0,682.0,839.0,793.0,673.0,791.0,613.0,785.0,557.0,846.0,609.0
809,798.0,718.0,836.0,819.0,403.0,428.0,659.0,129.0,303.0,223.0,0.0,285.0,162.0,221.0,708.0,851.0,600.0,779.0,781.0,739.0,727.0,787.0,792.0,838.0,712.0,554.0,547.0,584.0,639.0,610.0,612.0,716.0,612.0,605.0,598.0,643.0,767.0,672.0,801.0,713.0,760.0,633.0,483.0,812.0,249.0,121.0,725.0,513.0,488.0,716.0,665.0,723.0,558.0,759.0,733.0,773.0,284.0,91.0,807.0,1030.0,800.0,624.0,529.0,742.0,746.0,607.0,550.0,262.0,897.0,719.0,794.0,749.0,710.0,713.0,650.0,707.0,594.0,768.0,531.0
808,861.0,762.0,853.0,930.0,403.0,429.0,660.0,338.0,370.0,290.0,74.0,0.0,262.0,187.0,725.0,874.0,600.0,780.0,782.0,740.0,728.0,788.0,793.0,883.0,756.0,598.0,591.0,628.0,683.0,654.0,656.0,760.0,656.0,649.0,642.0,687.0,811.0,716.0,846.0,730.0,947.0,677.0,484.0,875.0,293.0,165.0,852.0,514.0,489.0,717.0,709.0,767.0,559.0,803.0,848.0,790.0,249.0,135.0,852.0,1074.0,845.0,669.0,530.0,787.0,764.0,652.0,551.0,227.0,941.0,764.0,795.0,750.0,754.0,714.0,695.0,708.0,638.0,769.0,532.0
807,778.0,688.0,770.0,818.0,321.0,346.0,577.0,144.0,318.0,238.0,161.0,167.0,0.0,61.0,642.0,792.0,518.0,697.0,699.0,657.0,645.0,705.0,710.0,838.0,671.0,657.0,650.0,686.0,741.0,713.0,715.0,819.0,714.0,707.0,701.0,746.0,869.0,695.0,824.0,647.0,759.0,735.0,401.0,792.0,351.0,258.0,724.0,431.0,406.0,634.0,768.0,825.0,476.0,768.0,731.0,708.0,166.0,253.0,853.0,1118.0,823.0,695.0,447.0,780.0,681.0,710.0,468.0,144.0,903.0,822.0,712.0,667.0,681.0,631.0,753.0,625.0,697.0,686.0,449.0
806,674.0,584.0,666.0,744.0,217.0,242.0,473.0,190.0,364.0,284.0,134.0,109.0,53.0,0.0,538.0,688.0,414.0,593.0,595.0,553.0,541.0,601.0,606.0,734.0,718.0,658.0,651.0,688.0,743.0,714.0,716.0,820.0,716.0,709.0,702.0,747.0,722.0,591.0,720.0,543.0,805.0,625.0,297.0,688.0,353.0,225.0,770.0,327.0,302.0,530.0,770.0,702.0,372.0,664.0,661.0,604.0,62.0,195.0,912.0,1134.0,719.0,729.0,343.0,847.0,577.0,712.0,364.0,40.0,949.0,824.0,608.0,563.0,577.0,527.0,649.0,521.0,698.0,582.0,345.0
804,351.0,602.0,342.0,420.0,431.0,456.0,687.0,587.0,761.0,681.0,580.0,556.0,539.0,446.0,0.0,357.0,431.0,566.0,568.0,526.0,315.0,375.0,381.0,508.0,484.0,496.0,488.0,524.0,579.0,614.0,616.0,720.0,616.0,647.0,640.0,685.0,809.0,608.0,738.0,220.0,811.0,400.0,433.0,364.0,799.0,672.0,732.0,542.0,517.0,503.0,606.0,520.0,483.0,536.0,337.0,280.0,385.0,642.0,732.0,1034.0,737.0,485.0,394.0,667.0,253.0,548.0,382.0,402.0,822.0,724.0,382.0,337.0,596.0,354.0,131.0,735.0,598.0,599.0,429.0
803,174.0,622.0,165.0,243.0,254.0,279.0,510.0,410.0,584.0,504.0,403.0,379.0,362.0,269.0,492.0,0.0,451.0,630.0,632.0,591.0,579.0,638.0,644.0,772.0,307.0,514.0,505.0,542.0,597.0,632.0,634.0,738.0,634.0,627.0,620.0,665.0,789.0,670.0,800.0,43.0,634.0,417.0,334.0,187.0,622.0,495.0,580.0,365.0,340.0,568.0,623.0,744.0,410.0,702.0,160.0,103.0,208.0,465.0,728.0,993.0,799.0,308.0,381.0,637.0,76.0,566.0,402.0,225.0,778.0,741.0,646.0,600.0,614.0,564.0,435.0,558.0,616.0,619.0,382.0
802,368.0,469.0,360.0,438.0,310.0,335.0,501.0,604.0,778.0,699.0,598.0,573.0,556.0,464.0,232.0,382.0,0.0,279.0,281.0,239.0,235.0,295.0,300.0,428.0,502.0,416.0,407.0,444.0,499.0,534.0,536.0,640.0,536.0,567.0,560.0,605.0,606.0,475.0,605.0,237.0,747.0,319.0,300.0,382.0,817.0,689.0,652.0,420.0,395.0,216.0,526.0,439.0,349.0,456.0,355.0,298.0,403.0,659.0,652.0,954.0,604.0,405.0,261.0,587.0,271.0,468.0,249.0,420.0,741.0,643.0,302.0,257.0,516.0,221.0,343.0,614.0,517.0,466.0,296.0
801,445.0,528.0,436.0,514.0,369.0,394.0,561.0,681.0,855.0,775.0,674.0,650.0,633.0,540.0,309.0,458.0,357.0,0.0,24.0,121.0,311.0,371.0,377.0,504.0,578.0,492.0,484.0,520.0,575.0,610.0,612.0,716.0,612.0,643.0,636.0,681.0,665.0,535.0,664.0,314.0,823.0,395.0,359.0,458.0,894.0,766.0,728.0,480.0,455.0,98.0,602.0,516.0,409.0,532.0,431.0,374.0,479.0,736.0,728.0,1030.0,663.0,482.0,321.0,663.0,347.0,544.0,308.0,496.0,818.0,720.0,378.0,333.0,521.0,280.0,419.0,673.0,594.0,526.0,355.0
800,444.0,527.0,436.0,513.0,368.0,393.0,560.0,680.0,854.0,774.0,673.0,649.0,632.0,539.0,308.0,457.0,357.0,24.0,0.0,120.0,311.0,370.0,376.0,503.0,577.0,492.0,483.0,519.0,574.0,609.0,611.0,715.0,611.0,642.0,635.0,680.0,665.0,534.0,663.0,313.0,822.0,395.0,359.0,457.0,893.0,765.0,728.0,479.0,454.0,97.0,601.0,515.0,408.0,531.0,430.0,373.0,479.0,735.0,727.0,1029.0,662.0,481.0,320.0,662.0,346.0,543.0,307.0,495.0,817.0,719.0,377.0,332.0,520.0,279.0,418.0,672.0,593.0,525.0,355.0
799,426.0,510.0,418.0,495.0,350.0,376.0,542.0,662.0,836.0,756.0,655.0,631.0,614.0,522.0,290.0,439.0,339.0,118.0,120.0,0.0,293.0,353.0,358.0,486.0,560.0,474.0,465.0,502.0,557.0,592.0,594.0,698.0,593.0,624.0,617.0,662.0,647.0,516.0,645.0,295.0,804.0,377.0,341.0,440.0,875.0,747.0,710.0,461.0,436.0,25.0,583.0,497.0,390.0,514.0,412.0,355.0,461.0,717.0,709.0,1011.0,644.0,463.0,302.0,644.0,328.0,525.0,289.0,478.0,799.0,701.0,360.0,314.0,502.0,262.0,400.0,655.0,575.0,507.0,337.0
797,382.0,412.0,374.0,452.0,463.0,488.0,719.0,618.0,792.0,713.0,612.0,587.0,570.0,478.0,246.0,389.0,463.0,597.0,599.0,558.0,0.0,83.0,146.0,274.0,338.0,262.0,253.0,290.0,345.0,380.0,382.0,486.0,381.0,412.0,405.0,450.0,574.0,418.0,548.0,251.0,592.0,165.0,465.0,396.0,732.0,703.0,498.0,573.0,548.0,535.0,371.0,285.0,514.0,301.0,369.0,312.0,417.0,673.0,497.0,799.0,547.0,251.0,426.0,432.0,285.0,313.0,413.0,434.0,587.0,489.0,65.0,103.0,361.0,386.0,189.0,767.0,363.0,631.0,461.0
796,360.0,391.0,352.0,430.0,441.0,466.0,697.0,596.0,771.0,691.0,590.0,566.0,548.0,456.0,225.0,367.0,441.0,576.0,578.0,536.0,75.0,0.0,124.0,252.0,317.0,240.0,231.0,268.0,323.0,358.0,360.0,464.0,360.0,390.0,384.0,428.0,552.0,396.0,526.0,229.0,570.0,143.0,443.0,374.0,710.0,681.0,476.0,552.0,527.0,513.0,350.0,263.0,492.0,280.0,347.0,290.0,395.0,652.0,475.0,777.0,525.0,229.0,404.0,410.0,263.0,292.0,392.0,412.0,565.0,467.0,98.0,81.0,339.0,364.0,167.0,745.0,341.0,609.0,439.0
795,348.0,378.0,340.0,417.0,429.0,454.0,685.0,584.0,758.0,678.0,578.0,553.0,536.0,444.0,212.0,355.0,429.0,563.0,565.0,524.0,60.0,40.0,0.0,239.0,304.0,228.0,219.0,256.0,311.0,346.0,348.0,452.0,347.0,378.0,371.0,416.0,540.0,384.0,514.0,217.0,558.0,131.0,431.0,362.0,698.0,669.0,463.0,539.0,514.0,501.0,337.0,251.0,480.0,267.0,335.0,277.0,383.0,639.0,463.0,765.0,513.0,217.0,392.0,398.0,251.0,279.0,379.0,400.0,553.0,455.0,129.0,68.0,327.0,352.0,154.0,733.0,329.0,597.0,427.0
794,440.0,359.0,431.0,509.0,520.0,545.0,776.0,676.0,850.0,770.0,669.0,645.0,627.0,535.0,304.0,446.0,520.0,655.0,657.0,615.0,151.0,132.0,77.0,0.0,391.0,314.0,305.0,342.0,397.0,363.0,365.0,469.0,364.0,358.0,352.0,397.0,521.0,471.0,600.0,308.0,539.0,222.0,522.0,453.0,784.0,760.0,444.0,631.0,606.0,592.0,424.0,231.0,572.0,248.0,426.0,369.0,474.0,731.0,444.0,782.0,599.0,303.0,483.0,379.0,342.0,366.0,471.0,491.0,533.0,472.0,220.0,160.0,307.0,443.0,246.0,824.0,309.0,688.0,518.0
793,418.0,506.0,410.0,488.0,499.0,524.0,755.0,663.0,837.0,757.0,648.0,623.0,606.0,514.0,282.0,425.0,499.0,634.0,636.0,594.0,383.0,443.0,449.0,576.0,0.0,304.0,295.0,332.0,387.0,422.0,424.0,528.0,424.0,417.0,410.0,455.0,579.0,460.0,590.0,287.0,388.0,207.0,501.0,432.0,774.0,739.0,335.0,610.0,584.0,571.0,413.0,534.0,550.0,571.0,405.0,348.0,453.0,710.0,483.0,748.0,589.0,98.0,462.0,391.0,321.0,356.0,450.0,470.0,532.0,531.0,450.0,405.0,499.0,422.0,225.0,803.0,406.0,667.0,497.0
792,289.0,377.0,281.0,358.0,369.0,394.0,626.0,525.0,699.0,619.0,518.0,494.0,477.0,385.0,153.0,296.0,370.0,504.0,506.0,464.0,254.0,314.0,319.0,447.0,157.0,0.0,166.0,202.0,257.0,292.0,294.0,398.0,294.0,287.0,280.0,325.0,449.0,331.0,460.0,158.0,483.0,78.0,371.0,303.0,645.0,610.0,429.0,480.0,455.0,442.0,284.0,405.0,421.0,441.0,275.0,218.0,324.0,580.0,490.0,712.0,459.0,69.0,333.0,425.0,191.0,226.0,320.0,341.0,627.0,402.0,321.0,276.0,369.0,292.0,95.0,674.0,276.0,538.0,368.0
791,363.0,306.0,355.0,432.0,444.0,469.0,700.0,599.0,730.0,650.0,593.0,568.0,551.0,459.0,227.0,370.0,385.0,564.0,566.0,524.0,328.0,388.0,393.0,450.0,231.0,73.0,0.0,37.0,92.0,222.0,224.0,328.0,223.0,216.0,210.0,255.0,378.0,260.0,390.0,232.0,514.0,152.0,446.0,377.0,574.0,548.0,419.0,554.0,529.0,501.0,118.0,334.0,495.0,371.0,350.0,292.0,398.0,605.0,419.0,641.0,389.0,144.0,407.0,354.0,266.0,80.0,348.0,415.0,508.0,331.0,395.0,350.0,298.0,367.0,169.0,748.0,205.0,544.0,442.0
790,397.0,339.0,388.0,466.0,477.0,502.0,733.0,633.0,764.0,684.0,626.0,602.0,585.0,492.0,261.0,403.0,418.0,598.0,600.0,558.0,362.0,421.0,427.0,483.0,264.0,107.0,34.0,0.0,55.0,255.0,257.0,361.0,257.0,250.0,243.0,288.0,412.0,294.0,423.0,266.0,547.0,185.0,479.0,410.0,607.0,581.0,453.0,588.0,563.0,535.0,82.0,368.0,529.0,404.0,383.0,326.0,431.0,639.0,452.0,675.0,422.0,177.0,440.0,387.0,299.0,113.0,382.0,448.0,542.0,364.0,428.0,383.0,332.0,400.0,203.0,781.0,239.0,578.0,475.0
789,455.0,398.0,447.0,525.0,536.0,561.0,792.0,691.0,822.0,742.0,685.0,660.0,643.0,551.0,319.0,462.0,477.0,656.0,658.0,616.0,420.0,480.0,485.0,542.0,323.0,165.0,92.0,59.0,0.0,314.0,316.0,420.0,315.0,308.0,302.0,347.0,470.0,352.0,482.0,324.0,606.0,244.0,538.0,469.0,666.0,640.0,511.0,646.0,621.0,594.0,27.0,426.0,587.0,463.0,442.0,385.0,490.0,697.0,511.0,733.0,481.0,236.0,499.0,446.0,358.0,172.0,440.0,507.0,601.0,423.0,487.0,442.0,390.0,459.0,262.0,840.0,298.0,636.0,534.0
788,517.0,387.0,509.0,587.0,598.0,623.0,854.0,753.0,796.0,716.0,747.0,722.0,705.0,613.0,381.0,524.0,474.0,653.0,655.0,613.0,489.0,411.0,457.0,355.0,385.0,227.0,220.0,257.0,312.0,0.0,259.0,176.0,72.0,252.0,246.0,290.0,414.0,349.0,479.0,386.0,423.0,306.0,562.0,531.0,640.0,613.0,328.0,708.0,683.0,590.0,339.0,240.0,612.0,276.0,504.0,447.0,552.0,671.0,328.0,660.0,478.0,298.0,523.0,263.0,420.0,281.0,437.0,569.0,417.0,366.0,496.0,492.0,336.0,521.0,324.0,902.0,203.0,633.0,558.0
647,479.0,349.0,471.0,548.0,559.0,584.0,816.0,715.0,757.0,678.0,708.0,684.0,667.0,574.0,343.0,486.0,435.0,614.0,616.0,575.0,451.0,373.0,419.0,317.0,347.0,189.0,182.0,218.0,273.0,218.0,0.0,329.0,220.0,214.0,207.0,252.0,376.0,311.0,440.0,348.0,384.0,267.0,524.0,492.0,601.0,575.0,290.0,670.0,645.0,552.0,300.0,201.0,573.0,238.0,465.0,408.0,514.0,633.0,289.0,489.0,439.0,259.0,485.0,224.0,381.0,242.0,399.0,531.0,379.0,179.0,458.0,454.0,297.0,482.0,285.0,864.0,165.0,594.0,520.0
646,533.0,403.0,525.0,603.0,614.0,639.0,870.0,769.0,812.0,732.0,763.0,739.0,721.0,629.0,398.0,540.0,490.0,669.0,671.0,629.0,505.0,428.0,473.0,372.0,401.0,244.0,237.0,273.0,328.0,112.0,321.0,0.0,50.0,268.0,262.0,307.0,431.0,365.0,495.0,402.0,439.0,322.0,578.0,547.0,656.0,630.0,344.0,725.0,700.0,607.0,355.0,256.0,628.0,292.0,520.0,463.0,568.0,687.0,317.0,600.0,494.0,314.0,540.0,279.0,436.0,297.0,453.0,585.0,407.0,382.0,512.0,509.0,352.0,537.0,340.0,918.0,219.0,649.0,574.0
645,483.0,353.0,475.0,552.0,564.0,589.0,820.0,719.0,761.0,682.0,713.0,688.0,671.0,579.0,347.0,490.0,439.0,619.0,621.0,579.0,455.0,377.0,423.0,321.0,351.0,193.0,186.0,223.0,278.0,62.0,225.0,104.0,0.0,218.0,211.0,256.0,380.0,315.0,444.0,352.0,428.0,272.0,528.0,497.0,605.0,579.0,294.0,674.0,649.0,556.0,304.0,205.0,577.0,242.0,469.0,412.0,518.0,637.0,306.0,588.0,443.0,264.0,489.0,229.0,385.0,246.0,403.0,535.0,395.0,332.0,462.0,458.0,301.0,487.0,289.0,868.0,169.0,599.0,524.0
644,503.0,363.0,495.0,573.0,584.0,609.0,840.0,739.0,782.0,702.0,733.0,709.0,691.0,599.0,368.0,510.0,460.0,639.0,641.0,599.0,465.0,388.0,433.0,331.0,371.0,214.0,207.0,243.0,298.0,139.0,146.0,245.0,140.0,0.0,70.0,136.0,260.0,303.0,433.0,372.0,395.0,292.0,548.0,517.0,626.0,600.0,301.0,695.0,670.0,577.0,325.0,216.0,598.0,252.0,490.0,433.0,538.0,657.0,300.0,563.0,432.0,284.0,510.0,235.0,406.0,267.0,423.0,555.0,390.0,253.0,472.0,468.0,312.0,507.0,310.0,888.0,87.0,619.0,544.0
642,502.0,361.0,493.0,571.0,582.0,607.0,838.0,738.0,780.0,700.0,731.0,707.0,690.0,597.0,366.0,508.0,458.0,637.0,639.0,597.0,463.0,386.0,431.0,330.0,369.0,212.0,205.0,241.0,296.0,137.0,144.0,243.0,138.0,73.0,0.0,134.0,258.0,301.0,431.0,371.0,394.0,290.0,547.0,515.0,624.0,598.0,299.0,693.0,668.0,575.0,323.0,214.0,596.0,250.0,488.0,431.0,536.0,655.0,298.0,562.0,430.0,282.0,508.0,234.0,404.0,265.0,422.0,553.0,388.0,251.0,470.0,467.0,310.0,505.0,308.0,886.0,85.0,617.0,543.0
641,572.0,432.0,564.0,641.0,596.0,621.0,788.0,808.0,850.0,771.0,801.0,777.0,760.0,668.0,436.0,579.0,497.0,677.0,679.0,637.0,534.0,456.0,502.0,400.0,440.0,282.0,275.0,312.0,367.0,207.0,214.0,313.0,209.0,150.0,144.0,0.0,203.0,279.0,408.0,441.0,464.0,361.0,586.0,586.0,694.0,668.0,369.0,707.0,681.0,614.0,393.0,284.0,636.0,321.0,558.0,501.0,607.0,726.0,369.0,632.0,407.0,352.0,547.0,304.0,474.0,335.0,461.0,624.0,458.0,322.0,541.0,537.0,380.0,575.0,378.0,900.0,155.0,657.0,582.0
640,683.0,420.0,675.0,752.0,535.0,560.0,727.0,919.0,934.0,855.0,913.0,888.0,871.0,779.0,547.0,690.0,436.0,616.0,618.0,576.0,645.0,567.0,613.0,511.0,551.0,393.0,386.0,423.0,478.0,318.0,325.0,424.0,320.0,262.0,255.0,218.0,0.0,125.0,283.0,552.0,575.0,472.0,525.0,697.0,778.0,752.0,480.0,646.0,620.0,553.0,504.0,395.0,575.0,432.0,670.0,612.0,718.0,810.0,480.0,743.0,257.0,464.0,486.0,415.0,586.0,447.0,400.0,735.0,570.0,433.0,652.0,648.0,413.0,550.0,489.0,839.0,267.0,596.0,521.0
639,618.0,378.0,610.0,687.0,493.0,518.0,685.0,854.0,893.0,813.0,847.0,823.0,806.0,714.0,482.0,625.0,395.0,574.0,576.0,534.0,522.0,644.0,588.0,588.0,486.0,328.0,321.0,358.0,413.0,395.0,402.0,501.0,396.0,338.0,331.0,308.0,129.0,0.0,154.0,487.0,652.0,407.0,483.0,632.0,736.0,710.0,557.0,604.0,579.0,512.0,439.0,472.0,533.0,508.0,604.0,547.0,653.0,768.0,556.0,820.0,128.0,398.0,445.0,491.0,520.0,381.0,358.0,670.0,646.0,509.0,589.0,544.0,371.0,508.0,424.0,797.0,343.0,554.0,480.0
638,740.0,500.0,732.0,809.0,615.0,640.0,807.0,976.0,1015.0,935.0,969.0,945.0,928.0,836.0,604.0,747.0,517.0,696.0,698.0,656.0,644.0,766.0,710.0,710.0,608.0,450.0,443.0,480.0,535.0,517.0,524.0,623.0,518.0,460.0,453.0,430.0,303.0,170.0,0.0,609.0,774.0,529.0,605.0,754.0,858.0,832.0,679.0,726.0,701.0,634.0,561.0,594.0,655.0,630.0,726.0,669.0,775.0,890.0,678.0,942.0,29.0,520.0,567.0,613.0,642.0,503.0,480.0,792.0,768.0,631.0,711.0,666.0,493.0,630.0,546.0,919.0,465.0,676.0,602.0
368,130.0,578.0,121.0,199.0,210.0,235.0,466.0,366.0,540.0,460.0,359.0,335.0,318.0,225.0,448.0,591.0,407.0,586.0,588.0,547.0,535.0,594.0,600.0,728.0,263.0,470.0,461.0,498.0,553.0,588.0,590.0,694.0,590.0,583.0,576.0,621.0,745.0,626.0,756.0,0.0,590.0,373.0,290.0,143.0,578.0,451.0,536.0,321.0,296.0,524.0,579.0,700.0,366.0,658.0,116.0,59.0,164.0,421.0,684.0,949.0,755.0,264.0,337.0,593.0,32.0,522.0,358.0,181.0,734.0,697.0,602.0,556.0,570.0,520.0,391.0,514.0,572.0,575.0,338.0
367,547.0,545.0,588.0,568.0,677.0,702.0,933.0,779.0,953.0,874.0,826.0,801.0,784.0,692.0,629.0,772.0,781.0,960.0,962.0,920.0,647.0,569.0,615.0,513.0,421.0,507.0,500.0,537.0,592.0,431.0,331.0,371.0,369.0,410.0,404.0,449.0,573.0,616.0,745.0,634.0,0.0,554.0,757.0,561.0,920.0,917.0,169.0,787.0,762.0,898.0,618.0,397.0,832.0,434.0,481.0,532.0,631.0,887.0,214.0,479.0,744.0,445.0,803.0,158.0,668.0,561.0,745.0,648.0,264.0,457.0,654.0,650.0,493.0,769.0,572.0,981.0,361.0,940.0,805.0
301,306.0,299.0,297.0,375.0,386.0,411.0,642.0,542.0,723.0,643.0,535.0,511.0,494.0,401.0,170.0,312.0,378.0,521.0,523.0,481.0,270.0,330.0,336.0,443.0,173.0,97.0,88.0,125.0,180.0,215.0,217.0,321.0,217.0,210.0,203.0,248.0,372.0,253.0,383.0,175.0,500.0,0.0,388.0,319.0,567.0,541.0,412.0,497.0,472.0,458.0,206.0,327.0,438.0,364.0,292.0,235.0,340.0,597.0,412.0,634.0,382.0,86.0,349.0,347.0,208.0,149.0,337.0,357.0,502.0,324.0,337.0,292.0,292.0,309.0,112.0,690.0,199.0,537.0,384.0
298,473.0,383.0,464.0,542.0,131.0,59.0,208.0,709.0,883.0,803.0,702.0,678.0,661.0,568.0,337.0,486.0,212.0,391.0,393.0,351.0,339.0,399.0,405.0,532.0,606.0,443.0,436.0,473.0,528.0,480.0,482.0,586.0,482.0,475.0,468.0,513.0,520.0,389.0,518.0,342.0,851.0,423.0,0.0,486.0,921.0,794.0,756.0,158.0,217.0,329.0,554.0,501.0,55.0,463.0,459.0,402.0,507.0,764.0,756.0,899.0,517.0,509.0,94.0,691.0,375.0,496.0,162.0,524.0,846.0,589.0,406.0,361.0,375.0,325.0,447.0,301.0,464.0,380.0,114.0
223,47.0,621.0,203.0,167.0,292.0,317.0,548.0,447.0,621.0,542.0,441.0,417.0,399.0,307.0,397.0,540.0,489.0,668.0,670.0,628.0,498.0,558.0,564.0,691.0,212.0,419.0,410.0,447.0,502.0,537.0,539.0,643.0,539.0,532.0,525.0,570.0,694.0,575.0,705.0,402.0,539.0,322.0,372.0,0.0,660.0,532.0,485.0,403.0,378.0,606.0,528.0,649.0,448.0,686.0,65.0,147.0,246.0,503.0,633.0,898.0,704.0,213.0,419.0,542.0,436.0,471.0,439.0,263.0,683.0,646.0,565.0,520.0,614.0,537.0,340.0,596.0,521.0,657.0,420.0
222,757.0,631.0,749.0,826.0,576.0,601.0,832.0,329.0,311.0,232.0,334.0,306.0,372.0,359.0,621.0,764.0,710.0,889.0,891.0,849.0,722.0,808.0,787.0,752.0,625.0,467.0,460.0,497.0,552.0,523.0,525.0,629.0,525.0,518.0,511.0,556.0,680.0,585.0,715.0,626.0,815.0,546.0,656.0,771.0,0.0,129.0,721.0,686.0,661.0,826.0,578.0,636.0,732.0,672.0,744.0,686.0,421.0,187.0,720.0,943.0,714.0,538.0,702.0,655.0,660.0,521.0,673.0,400.0,810.0,633.0,789.0,744.0,623.0,761.0,563.0,880.0,507.0,869.0,704.0
221,723.0,597.0,715.0,792.0,447.0,472.0,703.0,222.0,204.0,125.0,227.0,178.0,265.0,230.0,587.0,730.0,644.0,823.0,825.0,783.0,688.0,773.0,753.0,717.0,591.0,433.0,426.0,462.0,517.0,489.0,491.0,595.0,491.0,484.0,477.0,522.0,646.0,551.0,680.0,592.0,781.0,511.0,527.0,736.0,128.0,0.0,687.0,557.0,532.0,760.0,544.0,601.0,603.0,638.0,709.0,652.0,292.0,58.0,686.0,908.0,679.0,503.0,573.0,621.0,625.0,486.0,594.0,271.0,776.0,598.0,755.0,709.0,589.0,726.0,529.0,751.0,473.0,812.0,575.0
220,503.0,443.0,544.0,524.0,632.0,658.0,889.0,759.0,933.0,853.0,781.0,757.0,740.0,648.0,585.0,728.0,680.0,859.0,861.0,819.0,545.0,468.0,514.0,412.0,377.0,441.0,434.0,470.0,525.0,314.0,316.0,399.0,316.0,309.0,303.0,347.0,471.0,515.0,644.0,590.0,169.0,510.0,713.0,517.0,853.0,873.0,0.0,743.0,718.0,796.0,552.0,296.0,788.0,332.0,437.0,488.0,587.0,843.0,242.0,507.0,643.0,401.0,730.0,57.0,624.0,494.0,643.0,604.0,291.0,423.0,552.0,549.0,392.0,725.0,528.0,937.0,260.0,839.0,761.0
219,406.0,316.0,398.0,476.0,125.0,150.0,381.0,642.0,816.0,737.0,636.0,611.0,594.0,502.0,270.0,419.0,145.0,325.0,327.0,285.0,273.0,333.0,338.0,466.0,540.0,377.0,370.0,406.0,461.0,414.0,416.0,520.0,415.0,408.0,402.0,447.0,453.0,323.0,452.0,275.0,785.0,357.0,156.0,420.0,855.0,727.0,690.0,0.0,210.0,262.0,488.0,434.0,206.0,396.0,393.0,336.0,441.0,697.0,690.0,833.0,451.0,443.0,182.0,625.0,309.0,430.0,96.0,458.0,779.0,523.0,340.0,295.0,309.0,259.0,381.0,429.0,397.0,314.0,199.0
217,566.0,477.0,558.0,636.0,91.0,134.0,171.0,802.0,976.0,897.0,796.0,772.0,754.0,662.0,430.0,580.0,306.0,485.0,487.0,445.0,433.0,493.0,498.0,626.0,700.0,537.0,530.0,567.0,622.0,574.0,576.0,680.0,575.0,568.0,562.0,607.0,614.0,483.0,612.0,435.0,945.0,517.0,189.0,580.0,1015.0,887.0,850.0,219.0,0.0,422.0,648.0,595.0,265.0,556.0,553.0,496.0,601.0,858.0,850.0,993.0,611.0,603.0,235.0,785.0,469.0,590.0,256.0,618.0,939.0,683.0,500.0,455.0,469.0,419.0,541.0,219.0,558.0,474.0,226.0
216,401.0,485.0,393.0,470.0,325.0,351.0,517.0,637.0,811.0,731.0,630.0,606.0,589.0,497.0,265.0,414.0,314.0,93.0,95.0,23.0,268.0,328.0,333.0,461.0,535.0,449.0,440.0,477.0,532.0,567.0,569.0,673.0,568.0,599.0,592.0,637.0,622.0,491.0,620.0,270.0,779.0,352.0,316.0,415.0,850.0,722.0,685.0,436.0,411.0,0.0,558.0,472.0,365.0,489.0,387.0,330.0,436.0,692.0,684.0,986.0,619.0,438.0,277.0,619.0,303.0,500.0,264.0,453.0,774.0,676.0,335.0,290.0,477.0,237.0,376.0,630.0,550.0,482.0,312.0
215,498.0,441.0,490.0,568.0,579.0,604.0,835.0,734.0,865.0,786.0,728.0,704.0,686.0,594.0,362.0,505.0,520.0,699.0,701.0,660.0,463.0,523.0,529.0,585.0,366.0,209.0,135.0,102.0,43.0,357.0,359.0,463.0,359.0,352.0,345.0,390.0,514.0,396.0,525.0,367.0,649.0,287.0,581.0,512.0,709.0,683.0,555.0,690.0,665.0,637.0,0.0,469.0,630.0,506.0,485.0,428.0,533.0,741.0,554.0,777.0,524.0,279.0,542.0,489.0,401.0,215.0,484.0,550.0,644.0,466.0,530.0,485.0,434.0,502.0,305.0,883.0,341.0,679.0,577.0
214,419.0,267.0,410.0,488.0,499.0,524.0,755.0,655.0,836.0,756.0,648.0,624.0,607.0,514.0,283.0,425.0,504.0,683.0,685.0,643.0,250.0,172.0,218.0,116.0,286.0,210.0,201.0,238.0,293.0,271.0,273.0,377.0,273.0,267.0,260.0,305.0,429.0,366.0,496.0,288.0,447.0,207.0,501.0,432.0,680.0,654.0,353.0,610.0,585.0,620.0,319.0,0.0,551.0,156.0,405.0,348.0,453.0,710.0,352.0,691.0,495.0,199.0,462.0,287.0,321.0,262.0,467.0,470.0,442.0,380.0,256.0,253.0,216.0,422.0,225.0,803.0,218.0,663.0,497.0
212,512.0,422.0,504.0,581.0,123.0,117.0,151.0,748.0,922.0,842.0,742.0,717.0,700.0,608.0,376.0,525.0,251.0,431.0,433.0,391.0,379.0,439.0,444.0,572.0,646.0,483.0,476.0,512.0,567.0,519.0,521.0,625.0,521.0,514.0,507.0,552.0,559.0,428.0,558.0,381.0,891.0,463.0,54.0,526.0,961.0,833.0,796.0,252.0,189.0,368.0,594.0,540.0,0.0,502.0,499.0,441.0,547.0,803.0,795.0,939.0,557.0,549.0,133.0,730.0,415.0,536.0,202.0,564.0,885.0,629.0,446.0,401.0,415.0,364.0,487.0,244.0,503.0,420.0,154.0
157,534.0,200.0,526.0,603.0,534.0,559.0,726.0,770.0,946.0,866.0,763.0,739.0,722.0,630.0,398.0,541.0,436.0,615.0,617.0,575.0,365.0,287.0,333.0,231.0,402.0,377.0,316.0,353.0,408.0,250.0,252.0,356.0,252.0,246.0,239.0,284.0,408.0,451.0,581.0,403.0,426.0,322.0,525.0,548.0,790.0,763.0,331.0,645.0,620.0,553.0,435.0,115.0,574.0,0.0,520.0,463.0,569.0,825.0,331.0,670.0,580.0,314.0,486.0,266.0,436.0,377.0,400.0,586.0,421.0,359.0,372.0,368.0,148.0,549.0,340.0,838.0,197.0,595.0,521.0
156,66.0,556.0,106.0,87.0,195.0,220.0,451.0,351.0,525.0,445.0,344.0,320.0,303.0,210.0,332.0,475.0,392.0,571.0,573.0,532.0,433.0,493.0,499.0,626.0,147.0,354.0,345.0,382.0,437.0,472.0,474.0,578.0,474.0,466.0,460.0,505.0,629.0,510.0,640.0,337.0,474.0,257.0,275.0,79.0,563.0,436.0,420.0,306.0,281.0,509.0,463.0,584.0,351.0,621.0,0.0,50.0,149.0,406.0,568.0,833.0,639.0,148.0,322.0,477.0,371.0,406.0,343.0,166.0,618.0,581.0,500.0,455.0,549.0,472.0,275.0,499.0,456.0,560.0,323.0
151,57.0,513.0,56.0,126.0,145.0,170.0,401.0,300.0,474.0,395.0,294.0,269.0,252.0,160.0,376.0,518.0,342.0,521.0,523.0,481.0,469.0,529.0,535.0,662.0,191.0,397.0,388.0,425.0,480.0,515.0,517.0,621.0,517.0,510.0,503.0,548.0,672.0,554.0,683.0,381.0,517.0,300.0,225.0,70.0,513.0,385.0,463.0,255.0,230.0,459.0,507.0,628.0,301.0,593.0,43.0,0.0,99.0,355.0,611.0,876.0,682.0,191.0,271.0,520.0,414.0,449.0,292.0,116.0,661.0,624.0,536.0,491.0,505.0,455.0,318.0,449.0,499.0,510.0,273.0
150,612.0,522.0,604.0,681.0,154.0,179.0,411.0,251.0,425.0,345.0,195.0,170.0,175.0,61.0,476.0,625.0,351.0,531.0,533.0,491.0,479.0,539.0,544.0,672.0,746.0,583.0,575.0,612.0,667.0,619.0,621.0,725.0,621.0,614.0,607.0,652.0,659.0,528.0,658.0,481.0,866.0,563.0,234.0,626.0,414.0,286.0,896.0,265.0,240.0,468.0,694.0,640.0,310.0,602.0,598.0,541.0,0.0,256.0,895.0,1039.0,657.0,649.0,281.0,830.0,514.0,636.0,302.0,17.0,985.0,729.0,546.0,501.0,515.0,464.0,587.0,458.0,603.0,519.0,282.0
140,783.0,657.0,775.0,852.0,426.0,451.0,682.0,282.0,264.0,185.0,287.0,157.0,284.0,209.0,647.0,790.0,623.0,802.0,804.0,762.0,750.0,810.0,816.0,777.0,651.0,493.0,486.0,523.0,578.0,549.0,551.0,655.0,551.0,544.0,537.0,582.0,706.0,611.0,740.0,652.0,841.0,572.0,506.0,797.0,188.0,60.0,747.0,537.0,511.0,740.0,604.0,662.0,582.0,698.0,769.0,712.0,272.0,0.0,746.0,969.0,739.0,564.0,553.0,681.0,685.0,546.0,573.0,250.0,836.0,658.0,817.0,772.0,649.0,736.0,589.0,730.0,533.0,791.0,554.0
2,650.0,455.0,613.0,671.0,702.0,727.0,959.0,882.0,900.0,820.0,851.0,827.0,810.0,717.0,486.0,628.0,578.0,757.0,759.0,717.0,557.0,479.0,525.0,423.0,489.0,332.0,325.0,361.0,416.0,201.0,327.0,150.0,139.0,320.0,314.0,359.0,482.0,453.0,583.0,491.0,210.0,410.0,667.0,664.0,744.0,718.0,246.0,813.0,788.0,695.0,443.0,307.0,716.0,344.0,585.0,551.0,656.0,775.0,0.0,507.0,582.0,402.0,628.0,235.0,524.0,385.0,542.0,673.0,90.0,434.0,564.0,560.0,403.0,625.0,428.0,1006.0,271.0,737.0,663.0
98,807.0,676.0,798.0,876.0,887.0,912.0,1143.0,1043.0,1085.0,1005.0,1036.0,1012.0,995.0,902.0,671.0,813.0,763.0,942.0,944.0,902.0,779.0,701.0,747.0,645.0,674.0,517.0,510.0,546.0,601.0,517.0,340.0,457.0,455.0,542.0,535.0,580.0,704.0,638.0,768.0,676.0,524.0,595.0,852.0,820.0,929.0,903.0,560.0,998.0,973.0,880.0,628.0,529.0,901.0,566.0,793.0,736.0,841.0,960.0,487.0,0.0,767.0,587.0,813.0,549.0,709.0,570.0,727.0,858.0,577.0,230.0,785.0,782.0,625.0,810.0,613.0,1191.0,492.0,922.0,848.0
69,754.0,515.0,746.0,824.0,630.0,655.0,821.0,990.0,1029.0,949.0,984.0,960.0,942.0,850.0,618.0,761.0,531.0,711.0,713.0,671.0,659.0,780.0,724.0,724.0,622.0,465.0,457.0,494.0,549.0,531.0,538.0,637.0,533.0,475.0,468.0,445.0,269.0,135.0,24.0,623.0,788.0,543.0,620.0,768.0,873.0,847.0,693.0,740.0,715.0,648.0,576.0,608.0,669.0,645.0,741.0,684.0,789.0,904.0,693.0,956.0,0.0,535.0,581.0,628.0,657.0,518.0,495.0,806.0,783.0,646.0,726.0,681.0,507.0,644.0,561.0,934.0,480.0,691.0,616.0
83,320.0,408.0,312.0,390.0,401.0,426.0,657.0,556.0,731.0,651.0,550.0,526.0,508.0,416.0,185.0,327.0,401.0,536.0,538.0,496.0,285.0,345.0,351.0,478.0,87.0,206.0,197.0,234.0,289.0,324.0,326.0,430.0,326.0,319.0,312.0,357.0,481.0,362.0,492.0,189.0,414.0,109.0,403.0,334.0,676.0,641.0,360.0,512.0,487.0,473.0,316.0,436.0,452.0,473.0,307.0,250.0,355.0,612.0,508.0,773.0,491.0,0.0,364.0,417.0,223.0,258.0,352.0,372.0,558.0,433.0,352.0,307.0,401.0,324.0,127.0,705.0,308.0,569.0,399.0
82,429.0,339.0,421.0,499.0,180.0,205.0,372.0,665.0,839.0,759.0,659.0,634.0,617.0,525.0,293.0,442.0,168.0,348.0,350.0,308.0,296.0,356.0,361.0,489.0,563.0,400.0,393.0,429.0,484.0,437.0,438.0,542.0,438.0,431.0,425.0,469.0,476.0,346.0,475.0,298.0,808.0,380.0,170.0,443.0,878.0,750.0,713.0,291.0,266.0,285.0,511.0,457.0,220.0,419.0,416.0,359.0,464.0,720.0,712.0,856.0,474.0,466.0,0.0,648.0,332.0,453.0,119.0,481.0,802.0,546.0,363.0,318.0,332.0,91.0,404.0,484.0,420.0,337.0,166.0
24,568.0,387.0,609.0,589.0,698.0,723.0,954.0,824.0,952.0,873.0,847.0,822.0,805.0,713.0,522.0,665.0,623.0,802.0,804.0,762.0,489.0,411.0,457.0,355.0,443.0,384.0,377.0,414.0,469.0,257.0,259.0,363.0,259.0,252.0,246.0,291.0,415.0,458.0,587.0,527.0,160.0,446.0,778.0,582.0,796.0,770.0,65.0,809.0,783.0,740.0,495.0,239.0,761.0,276.0,503.0,553.0,652.0,908.0,233.0,498.0,586.0,438.0,673.0,0.0,560.0,437.0,587.0,669.0,283.0,366.0,496.0,492.0,335.0,661.0,464.0,1002.0,203.0,782.0,708.0
131,121.0,569.0,113.0,190.0,201.0,226.0,458.0,357.0,531.0,451.0,350.0,326.0,309.0,216.0,440.0,582.0,398.0,578.0,580.0,538.0,526.0,586.0,591.0,719.0,254.0,461.0,452.0,489.0,544.0,579.0,581.0,685.0,581.0,574.0,567.0,612.0,736.0,618.0,747.0,445.0,581.0,364.0,281.0,134.0,570.0,442.0,527.0,312.0,287.0,515.0,571.0,691.0,357.0,649.0,107.0,50.0,156.0,412.0,675.0,940.0,746.0,255.0,328.0,584.0,0.0,513.0,349.0,172.0,725.0,688.0,593.0,548.0,562.0,511.0,382.0,505.0,563.0,566.0,329.0
87,454.0,397.0,446.0,523.0,534.0,559.0,791.0,690.0,821.0,741.0,683.0,659.0,642.0,549.0,318.0,461.0,475.0,655.0,657.0,615.0,419.0,479.0,484.0,541.0,322.0,164.0,107.0,143.0,198.0,312.0,314.0,418.0,314.0,307.0,300.0,345.0,469.0,351.0,480.0,323.0,605.0,242.0,536.0,467.0,665.0,638.0,510.0,645.0,620.0,592.0,225.0,425.0,586.0,461.0,440.0,383.0,489.0,696.0,509.0,732.0,479.0,234.0,498.0,445.0,356.0,0.0,439.0,505.0,599.0,422.0,486.0,440.0,389.0,457.0,260.0,838.0,296.0,635.0,532.0
132,376.0,220.0,368.0,445.0,214.0,239.0,406.0,612.0,786.0,706.0,606.0,581.0,564.0,472.0,240.0,389.0,115.0,295.0,297.0,255.0,243.0,303.0,308.0,436.0,438.0,281.0,274.0,310.0,365.0,318.0,319.0,423.0,319.0,312.0,306.0,350.0,357.0,227.0,356.0,245.0,649.0,327.0,204.0,390.0,689.0,697.0,554.0,324.0,299.0,232.0,392.0,338.0,253.0,300.0,363.0,305.0,411.0,667.0,554.0,737.0,355.0,351.0,165.0,489.0,279.0,334.0,0.0,428.0,644.0,427.0,310.0,265.0,213.0,228.0,351.0,518.0,301.0,275.0,200.0
22,634.0,544.0,626.0,703.0,176.0,201.0,432.0,234.0,408.0,328.0,178.0,153.0,158.0,44.0,498.0,647.0,373.0,552.0,555.0,513.0,501.0,561.0,566.0,694.0,768.0,604.0,597.0,634.0,689.0,641.0,643.0,747.0,643.0,636.0,629.0,674.0,681.0,550.0,680.0,503.0,849.0,585.0,256.0,648.0,397.0,269.0,814.0,287.0,262.0,490.0,716.0,662.0,332.0,624.0,620.0,563.0,22.0,239.0,917.0,1061.0,679.0,671.0,303.0,852.0,536.0,658.0,324.0,0.0,1007.0,750.0,568.0,522.0,536.0,486.0,608.0,480.0,625.0,541.0,304.0
8,739.0,592.0,780.0,760.0,869.0,894.0,1125.0,972.0,1037.0,958.0,1018.0,994.0,976.0,884.0,623.0,766.0,715.0,894.0,896.0,855.0,694.0,616.0,662.0,560.0,614.0,469.0,462.0,498.0,553.0,338.0,448.0,288.0,276.0,458.0,451.0,496.0,620.0,591.0,720.0,628.0,300.0,547.0,804.0,753.0,881.0,855.0,335.0,980.0,955.0,832.0,580.0,444.0,853.0,481.0,674.0,724.0,823.0,913.0,137.0,597.0,719.0,539.0,765.0,324.0,661.0,522.0,679.0,840.0,0.0,574.0,701.0,697.0,540.0,762.0,565.0,1173.0,408.0,874.0,800.0
33,577.0,447.0,569.0,646.0,657.0,682.0,914.0,813.0,855.0,776.0,806.0,782.0,765.0,673.0,441.0,584.0,533.0,712.0,715.0,673.0,549.0,471.0,517.0,415.0,445.0,287.0,280.0,317.0,372.0,287.0,110.0,227.0,225.0,312.0,305.0,350.0,474.0,409.0,538.0,446.0,345.0,366.0,622.0,591.0,699.0,673.0,381.0,768.0,743.0,650.0,398.0,299.0,671.0,336.0,563.0,506.0,612.0,731.0,257.0,413.0,537.0,357.0,583.0,322.0,479.0,340.0,497.0,629.0,347.0,0.0,556.0,552.0,395.0,580.0,383.0,962.0,263.0,692.0,618.0
49,433.0,463.0,425.0,502.0,513.0,538.0,770.0,669.0,843.0,763.0,662.0,638.0,621.0,528.0,297.0,440.0,513.0,648.0,650.0,608.0,92.0,72.0,196.0,324.0,389.0,312.0,304.0,340.0,395.0,430.0,432.0,536.0,432.0,463.0,456.0,501.0,625.0,469.0,598.0,302.0,643.0,215.0,515.0,446.0,782.0,754.0,548.0,624.0,599.0,585.0,422.0,335.0,565.0,352.0,419.0,362.0,468.0,724.0,548.0,850.0,597.0,301.0,477.0,483.0,335.0,364.0,464.0,484.0,637.0,539.0,0.0,153.0,411.0,436.0,239.0,817.0,413.0,682.0,511.0
3,280.0,361.0,271.0,349.0,360.0,385.0,616.0,516.0,690.0,610.0,509.0,485.0,468.0,375.0,144.0,286.0,360.0,495.0,497.0,455.0,245.0,304.0,310.0,437.0,236.0,159.0,150.0,187.0,242.0,277.0,279.0,383.0,279.0,272.0,265.0,310.0,434.0,316.0,445.0,149.0,562.0,62.0,362.0,293.0,629.0,601.0,475.0,471.0,446.0,432.0,269.0,390.0,412.0,426.0,266.0,209.0,314.0,571.0,474.0,697.0,444.0,148.0,323.0,409.0,182.0,211.0,311.0,331.0,564.0,386.0,311.0,0.0,354.0,283.0,86.0,664.0,261.0,528.0,358.0
34,602.0,121.0,593.0,671.0,456.0,481.0,647.0,838.0,887.0,808.0,831.0,807.0,790.0,697.0,466.0,608.0,357.0,537.0,539.0,497.0,433.0,355.0,401.0,299.0,469.0,323.0,316.0,352.0,407.0,318.0,320.0,424.0,319.0,314.0,307.0,352.0,476.0,334.0,463.0,471.0,494.0,390.0,446.0,615.0,731.0,705.0,399.0,566.0,541.0,474.0,434.0,183.0,495.0,145.0,588.0,531.0,636.0,763.0,399.0,737.0,462.0,382.0,407.0,334.0,504.0,376.0,321.0,653.0,488.0,427.0,440.0,436.0,0.0,470.0,408.0,760.0,264.0,517.0,442.0
7,421.0,331.0,412.0,490.0,171.0,197.0,363.0,657.0,831.0,751.0,650.0,626.0,609.0,516.0,285.0,434.0,160.0,339.0,341.0,299.0,287.0,347.0,353.0,480.0,554.0,391.0,384.0,421.0,476.0,428.0,430.0,534.0,430.0,423.0,416.0,461.0,468.0,337.0,466.0,290.0,799.0,371.0,162.0,434.0,869.0,742.0,704.0,282.0,257.0,277.0,502.0,449.0,211.0,411.0,407.0,350.0,455.0,712.0,704.0,848.0,466.0,458.0,123.0,639.0,323.0,445.0,110.0,472.0,794.0,537.0,354.0,309.0,323.0,0.0,395.0,476.0,412.0,328.0,158.0
116,252.0,504.0,244.0,322.0,333.0,358.0,589.0,488.0,663.0,583.0,482.0,458.0,440.0,348.0,117.0,259.0,333.0,468.0,470.0,428.0,217.0,277.0,283.0,410.0,386.0,398.0,390.0,426.0,481.0,516.0,518.0,622.0,518.0,549.0,542.0,587.0,711.0,510.0,640.0,122.0,713.0,301.0,335.0,266.0,701.0,574.0,634.0,444.0,419.0,405.0,508.0,422.0,384.0,438.0,239.0,182.0,287.0,544.0,634.0,936.0,639.0,387.0,296.0,569.0,155.0,450.0,284.0,304.0,724.0,626.0,284.0,239.0,498.0,256.0,0.0,637.0,500.0,501.0,331.0
75,776.0,686.0,768.0,845.0,321.0,364.0,208.0,1012.0,1186.0,1106.0,1006.0,981.0,964.0,872.0,640.0,789.0,515.0,695.0,697.0,655.0,643.0,703.0,708.0,836.0,910.0,747.0,740.0,776.0,831.0,783.0,785.0,889.0,785.0,778.0,771.0,816.0,823.0,692.0,822.0,645.0,1154.0,727.0,318.0,790.0,1225.0,1097.0,1060.0,450.0,230.0,632.0,858.0,804.0,263.0,766.0,763.0,705.0,811.0,1067.0,1059.0,1203.0,821.0,813.0,397.0,994.0,678.0,800.0,466.0,828.0,1149.0,893.0,710.0,665.0,679.0,628.0,751.0,0.0,767.0,683.0,418.0
5,511.0,313.0,503.0,581.0,592.0,617.0,848.0,747.0,790.0,710.0,741.0,716.0,699.0,607.0,375.0,518.0,467.0,647.0,649.0,607.0,415.0,338.0,383.0,282.0,379.0,221.0,214.0,251.0,306.0,146.0,153.0,252.0,148.0,90.0,83.0,128.0,252.0,295.0,425.0,380.0,346.0,300.0,556.0,525.0,633.0,607.0,251.0,702.0,677.0,584.0,332.0,166.0,606.0,202.0,498.0,441.0,546.0,665.0,250.0,571.0,424.0,292.0,517.0,186.0,414.0,275.0,431.0,563.0,340.0,261.0,422.0,419.0,262.0,515.0,318.0,896.0,0.0,627.0,552.0
117,606.0,450.0,597.0,675.0,443.0,468.0,635.0,842.0,1016.0,936.0,835.0,811.0,794.0,701.0,470.0,619.0,345.0,524.0,526.0,484.0,472.0,532.0,538.0,665.0,668.0,510.0,503.0,540.0,595.0,547.0,549.0,653.0,549.0,542.0,535.0,580.0,587.0,456.0,586.0,475.0,879.0,556.0,434.0,619.0,919.0,927.0,784.0,554.0,529.0,462.0,621.0,568.0,483.0,530.0,592.0,535.0,640.0,897.0,784.0,967.0,585.0,581.0,395.0,719.0,508.0,564.0,230.0,657.0,873.0,656.0,539.0,494.0,442.0,458.0,580.0,747.0,531.0,0.0,430.0
58,487.0,397.0,478.0,556.0,187.0,160.0,303.0,723.0,897.0,817.0,716.0,692.0,675.0,582.0,351.0,500.0,226.0,405.0,407.0,366.0,354.0,413.0,419.0,546.0,620.0,457.0,450.0,487.0,542.0,494.0,496.0,600.0,496.0,489.0,482.0,527.0,534.0,403.0,533.0,356.0,865.0,438.0,101.0,500.0,936.0,808.0,770.0,298.0,273.0,343.0,568.0,515.0,151.0,477.0,473.0,416.0,522.0,778.0,770.0,914.0,532.0,524.0,108.0,705.0,389.0,511.0,177.0,538.0,860.0,603.0,420.0,375.0,389.0,339.0,461.0,396.0,478.0,394.0,0.0
